insert  into `credential`(`USERNAME`,`enabled`,`PASSWORD`,`verifyPassword`) values ('',1,'$2a$10$VtEwjCyNqAhXB7.rduAR7.OUxPqHXB2cddSBOrK2Yx6V5lxTP.jWy',''),('admin',1,'$2a$10$S/wlXEo/APzf.Sn1cO2p4.V12EJmaw.uzrHelMvkpuahjmHWnSafe','$2a$10$S/wlXEo/APzf.Sn1cO2p4.V12EJmaw.uzrHelMvkpuahjmHWnSafe'),('developer',1,'$2a$10$0.ESlGysrPaiW5HaapKwoehzWt5AibgbPPOvMhDv8D6H26QQ/CwhS','$2a$10$0.ESlGysrPaiW5HaapKwoehzWt5AibgbPPOvMhDv8D6H26QQ/CwhS'),('productowner',1,'$2a$10$0.ESlGysrPaiW5HaapKwoehzWt5AibgbPPOvMhDv8D6H26QQ/CwhS','$2a$10$0.ESlGysrPaiW5HaapKwoehzWt5AibgbPPOvMhDv8D6H26QQ/CwhS'),('scrummaster',1,'$2a$10$0.ESlGysrPaiW5HaapKwoehzWt5AibgbPPOvMhDv8D6H26QQ/CwhS','$2a$10$0.ESlGysrPaiW5HaapKwoehzWt5AibgbPPOvMhDv8D6H26QQ/CwhS'),('tester',1,'$2a$10$0.ESlGysrPaiW5HaapKwoehzWt5AibgbPPOvMhDv8D6H26QQ/CwhS','$2a$10$0.ESlGysrPaiW5HaapKwoehzWt5AibgbPPOvMhDv8D6H26QQ/CwhS');
insert  into `employee`(`ID`,`AGE`,`EMPLOYEENUMBER`,`FIRSTNAME`,`LASTNAME`,`TITLE`,`USERNAME`) values (2,123,8733,'Allen','Rench','HR Admin','admin'),(3,12,234,'Awet',NULL,'Developer','developer'),(4,13,253,'Aman',NULL,'Scrum Master','scrummaster'),(5,14,223,'Amanuel',NULL,'Tester','tester'),(6,15,334,'Natu',NULL,'Product Owner','productowner'),(7,0,0,'ere','','',''),(8,0,0,'','','','');
insert  into `role`(`ID`,`AUTHORITY`,`username`) values (2,'ROLE_ADMIN','admin'),(3,'ROLE_USER','admin'),(4,'ROLE_TESTER','tester'),(5,'ROLE_DEV','developer'),(6,'ROLE_SM','scrummaster'),(7,'ROLE_PO','productowner'),(8,'ROLE_USER',NULL),(9,'ROLE_USER','');
